sellerId,firstName,lastName,email,paymentMethod
1,Germain,Piris,gpiris0@mediafire.com,check
2,Kalle,Wellstead,kwellstead1@hugedomains.com,cash
3,Audrye,Walisiak,awalisiak2@msu.edu,cash
4,Tomlin,Vazquez,tvazquez3@loc.gov,cash
5,Rhonda,Gaythor,rgaythor4@constantcontact.com,check
6,Karin,Spadollini,kspadollini5@princeton.edu,"credit card"
7,Natka,Farnfield,nfarnfield6@dyndns.org,cash
8,Webster,Cogley,wcogley7@gnu.org,check
9,Christiana,Jeannot,cjeannot8@dedecms.com,cash
10,Rosabelle,Wessing,rwessing9@uiuc.edu,cash
11,Jordain,Doherty,jdohertya@cpanel.net,check
12,Mohandis,Bickerstasse,mbickerstasseb@multiply.com,check
13,Alleyn,Colwill,acolwillc@go.com,check
14,Rosemarie,Lascell,rlascelld@nydailynews.com,check
15,Lance,McLeary,lmclearye@cbc.ca,"credit card"
16,Shela,Ancliff,sanclifff@so-net.ne.jp,check
17,Ina,Mayhow,imayhowg@imageshack.us,check
18,Husein,Bevis,hbevish@squarespace.com,cash
19,Augustine,Basler,abasleri@mysql.com,"credit card"
20,Coop,Richens,crichensj@nba.com,check
21,Minerva,Soper,msoperk@imageshack.us,cash
22,Emelina,Bromage,ebromagel@huffingtonpost.com,check
23,Gardner,Mardy,gmardym@cnbc.com,"credit card"
24,Stoddard,Andrat,sandratn@nba.com,"credit card"
25,Ingram,Duligall,iduligallo@bizjournals.com,check
26,Idell,Pernell,ipernellp@gmpg.org,cash
27,Jaimie,Axelby,jaxelbyq@cbc.ca,check
28,Larine,Walpole,lwalpoler@blogspot.com,cash
29,Doug,McKenna,dmckennas@apache.org,check
30,Emelia,Cavendish,ecavendisht@pen.io,cash
31,Maye,Hampton,mhamptonu@mozilla.com,check
32,Allina,Stoile,astoilev@amazon.co.jp,cash
33,Noelani,Coleson,ncolesonw@guardian.co.uk,cash
34,Merv,Wickenden,mwickendenx@ebay.co.uk,cash
35,Gilemette,Caldecutt,gcaldecutty@t.co,"credit card"
36,Glynnis,Highway,ghighwayz@yandex.ru,cash
37,Esther,Treweke,etreweke10@shareasale.com,check
38,Grady,Loker,gloker11@omniture.com,check
39,Victoir,Jewell,vjewell12@skype.com,"credit card"
40,Thorpe,Abrahams,tabrahams13@people.com.cn,"credit card"
41,Rod,Bursnoll,rbursnoll14@seattletimes.com,"credit card"
42,Gwendolen,Trodler,gtrodler15@a8.net,cash
43,Ingar,Grigson,igrigson16@google.ru,"credit card"
44,Ninnette,Rabat,nrabat17@networkadvertising.org,"credit card"
45,Avis,Varnham,avarnham18@twitter.com,check
46,Grier,Leat,gleat19@google.co.uk,check
47,Nicole,Denning,ndenning1a@exblog.jp,check
48,Darin,Lettsom,dlettsom1b@who.int,check
49,Buck,Dobbings,bdobbings1c@uiuc.edu,"credit card"
50,Carree,Nutkin,cnutkin1d@seesaa.net,cash
